id,kode_pohon,nama_lokal,nama_latin,Group,Icon,status_iucn,diameter,tinggi,unit_PS,jenis_lahan,nama_khas_wilayah,Latitude,Longitude,elevasi,jarak_permukiman,status_adopsi,nama_pengadopsi,masa_berlaku,nama_surveyor,waktu_survei,harga_adopsi,serapan_karbon,penyedia_bibit,metode_karbon,Image1,Image2,Image3,Image4,chart_link
1,SI0002RL,Pitatal,Ochanostachys amentacea,Pohon Muda,icon/young_tree.svg,-,32,23,Hutan Lindung Sentajo,mineral,-,-0.473055556,101.5727222,105.571626,0.002,,,,Warsi,2021-10-17T09:46:00.000+07:00,"  Rp50,000  ",2409.359959,,Chave (2005),media/1634532780709.jpg,,,,adopsipohonriau/1
2,SI0003RL,Meranti,Shorea sp.,Pohon Muda,icon/young_tree.svg,-,35,25,Hutan Lindung Sentajo,mineral,-,-0.4730613,101.5726854,95.08326029,0.003,,,,Warsi,2021-10-17T13:46:00.000+07:00,"  Rp50,000  ",2265.226273,,Chave (2005),media/1634539436188.jpg,,,,adopsipohonriau/2
3,SI0004RL,Asam k,Mangifera sp.,Pohon Muda,icon/young_tree.svg,-,32,25,Hutan Lindung Sentajo,mineral,-,-0.473111111,101.5725556,96.25359457,0.003,,,,Warsi,2021-10-17T13:53:00.000+07:00,"  Rp50,000  ",1804.389706,,Chave (2005),media/1634539921523.jpg,,,,adopsipohonriau/3
4,SI0005RL,Kelat,Syzygium sp.,Pohon Tua,icon/mature_tree.svg,-,45,35,Hutan Lindung Sentajo,mineral,-,-0.4731159,101.5727484,95.30711572,0.002,,,,Warsi,2021-10-17T13:57:00.000+07:00,"  Rp200,000  ",5995.896118,,Chave (2005),media/1634540168182.jpg,,,,adopsipohonriau/4
5,SI0006RL,Cempedak,Artocarpus heterophyllus,Pohon Tua,icon/mature_tree.svg,-,40,35,Hutan Lindung Sentajo,mineral,-,-0.473039,101.57253,116.3617701,0.003,,,,Padin,2021-10-17T14:05:00.000+07:00,"  Rp200,000  ",3477.122285,,Chave (2005),media/1634540626095.jpg,,,,adopsipohonriau/5
6,SI0007RL,Kulim,Scorodocarpus borneensis,Pohon Tua,icon/mature_tree.svg,-,40.5,30,Hutan Lindung Sentajo,mineral,-,-0.473083333,101.5725,131.0394196,0.003,,,,Padin,2021-10-17T14:09:00.000+07:00,"  Rp200,000  ",4635.395759,,Chave (2005),media/1634540865322.jpg,,,,adopsipohonriau/6
7,SI0008RL,Kelat merah,Eugenia spp,Pohon Tua,icon/mature_tree.svg,-,48,36,Hutan Lindung Sentajo,mineral,-,-0.4730594,101.5725245,104.7143467,0.003,,,,Padin,2021-10-17T14:12:00.000+07:00,"  Rp200,000  ",7262.337979,,Chave (2005),media/1634541069433.jpg,,,,adopsipohonriau/7
8,SI0009RL,Keranji putih,Dialium sp.,Pohon Tua,icon/mature_tree.svg,-,78,37,Hutan Lindung Sentajo,mineral,-,-0.4731048,101.5726112,128.9847765,0.003,,,,Padin,2021-10-17T14:16:00.000+07:00,"  Rp200,000  ",21205.52953,,Chave (2005),media/1634541271383.jpg,,,,adopsipohonriau/8
9,SI0011RL,Kare kare,-,Pohon Tua,icon/mature_tree.svg,-,41,35,Hutan Lindung Sentajo,mineral,-,-0.4730509,101.572386,133.2107243,0.003,,,,Padin,2021-10-17T14:25:00.000+07:00,"  Rp200,000  ",3107.407246,,Brown (1997),media/1634541678669.jpg,,,,adopsipohonriau/9
10,SI0012RL,Meranti sabut,Shorea ovalis,Pohon Tua,icon/mature_tree.svg,-,59,33,Hutan Lindung Sentajo,mineral,-,-0.472805556,101.5725,225.3692172,0.003,,,,Padin,2021-10-17T14:30:00.000+07:00,"  Rp200,000  ",6775.665238,,Chave (2005),media/1634541865328.jpg,,,,adopsipohonriau/10
11,SI0013RL,Kapecong,Scaphium spp.,Pohon Tua,icon/mature_tree.svg,-,42,31,Hutan Lindung Sentajo,mineral,-,-0.472805556,101.5724167,67.12957003,0.003,,,,Padin,2021-10-17T14:36:00.000+07:00,"  Rp200,000  ",3362.694699,,Chave (2005),media/1634542094931.jpg,,,,adopsipohonriau/11
12,SI0014RL,Keranji merah,Dialium indum,Pohon Muda,icon/young_tree.svg,-,31,32,Hutan Lindung Sentajo,mineral,-,-0.472805556,101.5724167,94.56102476,0.003,,,,Padin,2021-10-17T14:41:00.000+07:00,"  Rp50,000  ",3199.040408,,Chave (2005),media/1634542504973.jpg,,,,adopsipohonriau/12
13,SI0015RL,Rengas,Gluta renghas,Pohon Tua,icon/mature_tree.svg,-,55,47,Hutan Lindung Sentajo,mineral,-,-0.472694444,101.5724722,127.8897002,0.003,,,,Padin,2021-10-17T14:45:00.000+07:00,"  Rp200,000  ",10140.46921,,Chave (2005),media/1634542793891.jpg,,,,adopsipohonriau/13
14,SI0016RL,Rengas,Gluta renghas,Pohon Tua,icon/mature_tree.svg,-,46,57,Hutan Lindung Sentajo,mineral,-,-0.472694444,101.5725278,101.2455845,0.003,,,,Padin,2021-10-17T14:49:00.000+07:00,"  Rp200,000  ",8636.538596,,Chave (2005),media/1634543030579.jpg,,,,adopsipohonriau/14
15,SI0017RL,Meranti ,Shorea sp.,Pohon Muda,icon/young_tree.svg,-,28,32,Hutan Lindung Sentajo,mineral,-,-0.472694444,101.5725,40.04505516,0.003,,,,Padin,2021-10-17T14:53:00.000+07:00,"  Rp50,000  ",1864.576366,,Chave (2005),media/1634543254926.jpg,,,,adopsipohonriau/15
16,SI0022RL,Keranji,Dialium kunstleri,Pohon Tua,icon/mature_tree.svg,Near Threatened,80,57,Hutan Lindung Sentajo,mineral,-,-0.4728557,101.5721589,97.55695619,0.003,,,,Padin,2021-10-17T15:43:00.000+07:00,"  Rp200,000  ",33676.30612,,Chave (2005),media/1634543513186.jpg,,,,adopsipohonriau/16
17,SI0023RL,Garunggang,Cratoxylum sp.,Pohon Tua,icon/mature_tree.svg,-,42,42,Hutan Lindung Sentajo,mineral,-,-0.4729015,101.5721057,95.44337477,0.003,,,,Padin,2021-10-17T15:47:00.000+07:00,"  Rp200,000  ",5308.694059,,Chave (2005),media/1634543992194.jpg,,,,adopsipohonriau/17
18,SI0024RL,Meranti,Shorea sp.,Pohon Tua,icon/mature_tree.svg,-,58,53,Hutan Lindung Sentajo,mineral,-,-0.4728825,101.5722774,93.25704337,0.003,,,,Padin,2021-10-17T15:51:00.000+07:00,"  Rp200,000  ",12641.71547,,Chave (2005),media/1634544258651.jpg,,,,adopsipohonriau/18
19,SI0025RL,Tempunik,Artocarpus sp.,Pohon Tua,icon/mature_tree.svg,-,41,26,Hutan Lindung Sentajo,mineral,-,-0.4729778,101.572264,123.6066538,0.003,,,,Padin,2021-10-17T15:55:00.000+07:00,"  Rp200,000  ",3037.311594,,Chave (2005),media/1634545879385.jpg,,,,adopsipohonriau/19
20,SI0026RL,Medang,Litsea sp.,Pohon Tua,icon/mature_tree.svg,Vulnerable,40,27,Hutan Lindung Sentajo,mineral,-,-0.4732302,101.5727038,118.3289667,0.002,,,,Padin,2021-10-17T16:03:00.000+07:00,"  Rp200,000  ",2643.548286,,Chave (2005),media/1634546254396.jpg,,,,adopsipohonriau/20
21,SI0027RL,Kelat,Syzygium sp.,Pohon Tua,icon/mature_tree.svg,-,47,41,Hutan Lindung Sentajo,mineral,-,-0.4733391,101.5728841,113.6672888,0.002,,,,Padin,2021-10-17T16:09:00.000+07:00,"  Rp200,000  ",4389.980561,,Chave (2005),media/1634546467754.jpg,,,,adopsipohonriau/21
22,SI0029RL,Keranji,Dialium kunstleri,Pohon Tua,icon/mature_tree.svg,Near Threatened,69,55,Hutan Lindung Sentajo,mineral,-,-0.4730651,101.5728054,106.6969052,0.002,,,,Padin,2021-10-17T16:19:00.000+07:00,"  Rp200,000  ",24366.11811,,Chave (2005),media/1634546726845.jpg,,,,adopsipohonriau/22
23,SI0030RL,Kapecong,Scaphium spp.,Pohon Tua,icon/mature_tree.svg,-,46,52,Hutan Lindung Sentajo,mineral,-,-0.4729822,101.5730254,133.1092423,0.002,,,,Padin,2021-10-17T16:23:00.000+07:00,"  Rp200,000  ",6653.625641,,Chave (2005),media/1634546998145.jpg,,,,adopsipohonriau/23
24,SI0042RL,Lalan,Santiria laevigata,Pohon Tua,icon/mature_tree.svg,-,73,53,Hutan Lindung Sentajo,mineral,-,-0.4736428,101.5723388,90.18762758,0.002,,,,Yus,2021-10-18T09:23:00.000+07:00,"  Rp200,000  ",18017.01956,,Chave (2005),media/1634547225854.jpg,,,,adopsipohonriau/24
25,SI0050RL,Kelat,Syzygium sp.,Pohon Tua,icon/mature_tree.svg,-,62,55,Hutan Lindung Sentajo,mineral,-,-0.4735327,101.5721226,117.1155713,0.002,,,,Yus,2021-10-18T09:50:00.000+07:00,"  Rp200,000  ",17422.69863,,Chave (2005),media/1634547722274.jpg,,,,adopsipohonriau/25
26,SI0052RL,Menjalin,-,Pohon Muda,icon/young_tree.svg,-,34,39,Hutan Lindung Sentajo,mineral,-,-0.4733464,101.57243,91.07847896,0.002,,,,Yus,2021-10-18T09:59:00.000+07:00,"  Rp50,000  ",1935.069986,,Brown (1997),media/1634548095883.jpg,,,,adopsipohonriau/26
27,SI0054RL,Kelat,Syzygium sp.,Pohon Tua,icon/mature_tree.svg,-,41,32,Hutan Lindung Sentajo,mineral,-,-0.4733591,101.5724282,112.9701177,0.002,,,,Yus,2021-10-18T10:05:00.000+07:00,"  Rp200,000  ",4580.926554,,Chave (2005),media/1634548430020.jpg,,,,adopsipohonriau/27
28,SI0056RL,Keranji,Dialium kunstleri,Pohon Tua,icon/mature_tree.svg,Near Threatened,80,37,Hutan Lindung Sentajo,mineral,-,-0.4731381,101.5724242,74.12652062,0.003,,,,Yus,2021-10-18T10:20:00.000+07:00,"  Rp200,000  ",22087.95314,,Chave (2005),media/1634548642551.jpg,,,,adopsipohonriau/28
29,SI0058RL,Keranji,Dialium kunstleri,Pohon Tua,icon/mature_tree.svg,Near Threatened,41,42,Hutan Lindung Sentajo,mineral,-,-0.4732344,101.5724314,102.1424315,0.002,,,,Yus,2021-10-18T10:23:00.000+07:00,"  Rp200,000  ",6779.604053,,Chave (2005),media/1634548835856.jpg,,,,adopsipohonriau/29
30,SI0060RL,Keranji,Dialium kunstleri,Pohon Tua,icon/mature_tree.svg,Near Threatened,85,48,Hutan Lindung Sentajo,mineral,-,-0.4732103,101.5721503,97.88176426,0.003,,,,Yus,2021-10-18T10:28:00.000+07:00,"  Rp200,000  ",32053.54926,,Chave (2005),media/1634608192216.jpg,,,,adopsipohonriau/30
31,SI0062RL,Pisang pisang,Alphonsea spp,Pohon Tua,icon/mature_tree.svg,Least Concern,48,53,Hutan Lindung Sentajo,mineral,-,-0.473216,101.571961,90.85035059,0.003,,,,Yus,2021-10-18T10:31:00.000+07:00,"  Rp200,000  ",10614.48417,,Chave (2005),media/1634608381019.jpg,,,,adopsipohonriau/31
32,SI0064RL,Samak,Glochidion superbum,Pohon Tua,icon/mature_tree.svg,-,49,37,Hutan Lindung Sentajo,mineral,-,-0.4732202,101.5720855,115.7208082,0.003,,,,Yus,2021-10-18T10:39:00.000+07:00,"  Rp200,000  ",6322.003471,,Chave (2005),media/1634608928509.jpg,,,,adopsipohonriau/32
33,SI0066RL,Meranti,Shorea sp.,Pohon Muda,icon/young_tree.svg,-,39,43,Hutan Lindung Sentajo,mineral,-,-0.4733382,101.5721833,124.331294,0.003,,,,Yus,2021-10-18T10:44:00.000+07:00,"  Rp50,000  ",4750.33945,,Chave (2005),media/1634609440706.jpg,,,,adopsipohonriau/33
34,SI0068RL,Kedondong,Spondias dulcis,Pohon Tua,icon/mature_tree.svg,-,49,51,Hutan Lindung Sentajo,mineral,-,-0.473337,101.5717855,121.6828159,0.003,,,,Yus,2021-10-18T10:50:00.000+07:00,"  Rp200,000  ",4612.864845,,Chave (2005),media/1634609802487.jpg,,,,adopsipohonriau/34
35,SI0070RL,Siponing,Lithocarpus sp.,Pohon Tua,icon/mature_tree.svg,-,45,52,Hutan Lindung Sentajo,mineral,-,-0.473126,101.5718726,137.5913087,0.003,,,,Yus,2021-10-18T11:09:00.000+07:00,"  Rp200,000  ",8485.118333,,Chave (2005),media/1634610089353.jpg,,,,adopsipohonriau/35
36,SI0072RL,Meranti,Shorea sp.,Pohon Tua,icon/mature_tree.svg,-,43,52,Hutan Lindung Sentajo,mineral,-,-0.474111111,101.5716667,106.8328732,0.002,,,,Yus,2021-10-19T13:31:00.000+07:00,"  Rp200,000  ",6919.12231,,Chave (2005),media/1634610737879.jpg,,,,adopsipohonriau/36
37,SI0074RL,Dara dara,Myristica spp,Pohon Tua,icon/mature_tree.svg,Least Concern,49,53,Hutan Lindung Sentajo,mineral,-,-0.4743005,101.5714741,173.6039401,0.002,,,,Yus,2021-10-19T13:42:00.000+07:00,"  Rp200,000  ",7569.364469,,Chave (2005),media/1634610922639.jpg,,,,adopsipohonriau/37
38,SI0076RL,Medang,Litsea sp.,Pohon Muda,icon/young_tree.svg,Vulnerable,31,39,Hutan Lindung Sentajo,mineral,-,-0.4743506,101.5715236,101.8366755,0.002,,,,Yus,2021-10-19T13:45:00.000+07:00,"  Rp50,000  ",2301.294468,,Chave (2005),media/1634611486872.jpg,,,,adopsipohonriau/38
39,SI0078RL,Meranti,Shorea sp.,Pohon Tua,icon/mature_tree.svg,-,83,61,Hutan Lindung Sentajo,mineral,-,-0.4744073,101.5717613,70.78413028,0.002,,,,Yus,2021-10-19T13:51:00.000+07:00,"  Rp200,000  ",29189.29961,,Chave (2005),media/1634611677756.jpg,,,,adopsipohonriau/39
40,SI0080RL,Meranti,Shorea sp.,Pohon Tua,icon/mature_tree.svg,-,83,57,Hutan Lindung Sentajo,mineral,-,-0.474444444,101.5715833,111.4535309,0.002,,,,Yus,2021-10-19T13:56:00.000+07:00,"  Rp200,000  ",27319.6804,,Chave (2005),media/1634612263054.jpg,,,,adopsipohonriau/40
41,SI0082RL,Meranti,Shorea sp.,Pohon Tua,icon/mature_tree.svg,-,59,71,Hutan Lindung Sentajo,mineral,-,-0.4746184,101.5717329,79.95740009,0.002,,,,Yus,2021-10-19T14:00:00.000+07:00,"  Rp200,000  ",17387.31788,,Chave (2005),media/1634612644266.jpg,,,,adopsipohonriau/41
42,SI0084RL,Balam,Palaquium hexandrum,Pohon Tua,icon/mature_tree.svg,-,54,58,Hutan Lindung Sentajo,mineral,-,-0.4744817,101.5718291,121.2750564,0.002,,,,Yus,2021-10-19T14:03:00.000+07:00,"  Rp200,000  ",10489.02279,,Chave (2005),media/1634613525126.jpg,,,,adopsipohonriau/42
43,SI0086RL,Tempunik,Artocarpus sp.,Pohon Tua,icon/mature_tree.svg,-,61,48,Hutan Lindung Sentajo,mineral,-,-0.4742276,101.5718406,107.1416159,0.002,,,,Yus,2021-10-19T14:17:00.000+07:00,"  Rp200,000  ",11999.87046,,Chave (2005),media/1634613714102.jpg,,,,adopsipohonriau/43
44,SI0099RL,Lalan,Santiria laevigata,Pohon Tua,icon/mature_tree.svg,-,45,51,Hutan Lindung Sentajo,mineral,-,-0.4738644,101.5727137,117.2860539,0.002,,,,Yus,2021-10-19T15:34:00.000+07:00,"  Rp200,000  ",6749.052355,,Chave (2005),media/1634613964379.jpg,,,,adopsipohonriau/44
45,SI0102RL,Ambacam,Mangifera foetida,Pohon Tua,icon/mature_tree.svg,-,57,53,Hutan Lindung Sentajo,mineral,-,-0.473944444,101.572,115.7089157,0.002,,,,Yus,2021-10-19T15:45:00.000+07:00,"  Rp200,000  ",11951.58061,,Chave (2005),media/1634614204127.jpg,,,,adopsipohonriau/45
46,SI0104RL,Jelutung,Dyera spp.,Pohon Tua,icon/mature_tree.svg,Least Concern,65,57,Hutan Lindung Sentajo,mineral,-,-0.4743593,101.5726066,95.20391231,0.002,,,,Yus,2021-10-19T15:52:00.000+07:00,"  Rp200,000  ",11646.85442,,Chave (2005),media/1634614689632.jpg,,,,adopsipohonriau/46
48,SI0010RL,Kedondong rimbo,Spondias sp.,Pohon Tua,icon/mature_tree.svg,-,40,30,Hutan Lindung Sentajo,mineral,-,-0.4729282,101.5725069,120.4880695,0.003,,,,Padin,2021-10-17T14:23:00.000+07:00,"  Rp200,000  ",2919.219791,,Chave (2005),media/1634615288190.jpg,,,,adopsipohonriau/48
49,SI0018RL,Meranti,Shorea sp.,Pohon Tua,icon/mature_tree.svg,-,55,57,Hutan Lindung Sentajo,mineral,-,-0.4737541,101.5720815,143.0851306,0.002,,,,Padin,2021-10-17T15:01:00.000+07:00,"  Rp200,000  ",12235.5402,,Chave (2005),media/1634616386334.jpg,,,,adopsipohonriau/49
50,SI0019RL,Meranti,Shorea sp.,Pohon Tua,icon/mature_tree.svg,-,60,53,Hutan Lindung Sentajo,mineral,-,-0.4727696,101.5722142,111.4759441,0.003,,,,Padin,2021-10-17T15:06:00.000+07:00,"  Rp200,000  ",13506.59285,,Chave (2005),media/1634624928040.jpg,,,,adopsipohonriau/50
51,SI0020RL,Rengas,Gluta renghas,Pohon Tua,icon/mature_tree.svg,-,44,31,Hutan Lindung Sentajo,mineral,-,-0.4738154,101.5719678,131.4454282,0.002,,,,Padin,2021-10-17T15:35:00.000+07:00,"  Rp200,000  ",4370.098333,,Chave (2005),media/1634625663841.jpg,,,,adopsipohonriau/51
52,SI0021RL,Meranti sopek,Shorea sp.,Pohon Tua,icon/mature_tree.svg,-,59,42,Hutan Lindung Sentajo,mineral,-,-0.4726794,101.5722731,105.4908079,0.003,,,,Padin,2021-10-17T15:39:00.000+07:00,"  Rp200,000  ",10415.87485,,Chave (2005),media/1634625867510.jpg,,,,adopsipohonriau/52
53,SI0028RL,Meranti,Shorea sp.,Pohon Tua,icon/mature_tree.svg,-,51,49,Hutan Lindung Sentajo,mineral,-,-0.4738075,101.5719318,118.5811963,0.002,,,,Padin,2021-10-17T16:15:00.000+07:00,"  Rp200,000  ",9109.817504,,Chave (2005),media/1634626166668.jpg,,,,adopsipohonriau/53
54,SI0032RL,Parau parak,Amoora rubiginosa,Pohon Tua,icon/mature_tree.svg,-,41,51,Hutan Lindung Sentajo,mineral,-,-0.4728647,101.5721556,2654.508418,0.003,,,,Yus,2021-10-18T08:50:00.000+07:00,"  Rp200,000  ",8417.105022,,Chave (2005),media/1634626474091.jpg,,,,adopsipohonriau/54
63,SI0045RL,Kulim,Scorodocarpus borneensis,Pohon Tua,icon/mature_tree.svg,-,48,43,Hutan Lindung Sentajo,mineral,-,-0.4586589,101.5727848,123.524067,0.002,,,,Yus,2021-10-18T08:57:00.000+07:00," Rp200,000 ",7259.261556,,Chave (2005),media/SI0045RL.jpg,,,,adopsipohonriau/63
65,SI0047RL,Mendarahan,Myristica iners,Pohon Muda,icon/young_tree.svg,Least Concern,32,37,Hutan Lindung Sentajo,mineral,-,-0.4737485,101.5724081,149.0650525,0.002,,,,Yus,2021-10-18T09:04:00.000+07:00," Rp200,000 ",12450.28931,,Chave (2005),,,,,adopsipohonriau/65
67,SI0049RL,Menjalin,-,Pohon Tua,icon/mature_tree.svg,-,61,55,Hutan Lindung Sentajo,mineral,-,-0.4737575,101.5724252,64.6781089,0.002,,,,Yus,2021-10-18T09:12:00.000+07:00," Rp200,000 ",37587.4964,,"Brown, (1997)",,,,,adopsipohonriau/67
69,SI0051RL,Pitatal,Ochanostachys amentacea,Pohon Muda,icon/young_tree.svg,Data deficent,32,38,Hutan Lindung Sentajo,mineral,-,-0.4736004,101.5724182,158.176925,0.002,,,,Yus,2021-10-18T09:18:00.000+07:00," Rp200,000 ",14543.99175,,Chave (2005),,,,,adopsipohonriau/69
71,SI0053RL,Balam,Palaquium hexandrum,Pohon Tua,icon/mature_tree.svg,-,80,55,Hutan Lindung Sentajo,mineral,-,-0.4734896,101.572128,124.3959785,0.002,,,,Yus,2021-10-18T09:34:00.000+07:00," Rp200,000 ",6120.545434,,Chave (2005),,,,,adopsipohonriau/71
73,SI0055RL,Kulim,Scorodocarpus borneensis,Pohon Muda,icon/young_tree.svg,-,35,31,Hutan Lindung Sentajo,mineral,-,-0.4734031,101.5723556,115.9113046,0.002,,,,Yus,2021-10-18T09:37:00.000+07:00," Rp200,000 ",24204.82242,,Chave (2005),,,,,adopsipohonriau/73
75,SI0057RL,Sesendok,-,Pohon Tua,icon/mature_tree.svg,-,44,51,Hutan Lindung Sentajo,mineral,-,-0.4734214,101.5724413,137.8339473,0.002,,,,Yus,2021-10-18T09:46:00.000+07:00," Rp200,000 ",7154.137277,,"Brown, (1997)",,,,,adopsipohonriau/75
76,SI0059RL,Tempunik,Artocarpus sp.,Pohon Tua,icon/mature_tree.svg,-,43,62,Hutan Lindung Sentajo,mineral,-,-0.4734103,101.5722856,92.81093919,0.002,,,,Padin,2021-10-18T10:13:00.000+07:00," Rp200,000 ",3715.269208,,Chave (2005),,,,,adopsipohonriau/76
77,SI0061RL,Kedondong,Spondias dulcis,Pohon Tua,icon/mature_tree.svg,-,80,55,Hutan Lindung Sentajo,mineral,-,-0.4731777,101.5725051,141.4402321,0.002,,,,Padin,2021-10-18T10:21:00.000+07:00," Rp200,000 ",7784.415098,,Chave (2005),,,,,adopsipohonriau/77
78,SI0063RL,Kedondong,Spondias dulcis,Pohon Tua,icon/mature_tree.svg,-,62,58,Hutan Lindung Sentajo,mineral,-,-0.4733594,101.5722997,177.6855555,0.002,,,,Padin,2021-10-18T10:27:00.000+07:00," Rp200,000 ",12928.41039,,Chave (2005),,,,,adopsipohonriau/78
79,SI0065RL,Kelat,Eugenia spp,Pohon Tua,icon/mature_tree.svg,Least Concern,50,33,Hutan Lindung Sentajo,mineral,-,-0.4733037,101.5720465,110.0788988,0.003,,,,Padin,2021-10-18T10:37:00.000+07:00," Rp200,000 ",8278.921977,,Chave (2005),,,,,adopsipohonriau/79
80,SI0067RL,Medang,Litsea sp.,Pohon Tua,icon/mature_tree.svg,-,60,92,Hutan Lindung Sentajo,mineral,-,-0.4730154,101.5721566,125.391056,0.003,,,,Padin,2021-10-18T10:43:00.000+07:00," Rp200,000 ",7224.393183,,Chave (2005),,,,,adopsipohonriau/80
81,SI0069RL,Meranti,Shorea sp.,Pohon Muda,icon/young_tree.svg,-,37,49,Hutan Lindung Sentajo,mineral,-,-0.4742288,101.5713916,81.95719858,0.002,,,,Padin,2021-10-18T11:10:00.000+07:00," Rp200,000 ",19300.26494,,Chave (2005),,,,,adopsipohonriau/81
82,SI0071RL,Kelat,Eugenia spp,Pohon Tua,icon/mature_tree.svg,Least Concern,47,51,Hutan Lindung Sentajo,mineral,-,-0.4744851,101.5714975,70.47375682,0.002,,,,Padin,2021-10-19T13:31:00.000+07:00," Rp50,000 ",4869.254323,,Chave (2005),,,,,adopsipohonriau/82
83,SI0073RL,Pitatal,Ochanostachys amentacea,Pohon Tua,icon/mature_tree.svg,Data deficent,61,47,Hutan Lindung Sentajo,mineral,-,-0.4744728,101.5716643,41.16970835,0.002,,,,Padin,2021-10-19T13:35:00.000+07:00," Rp200,000 ",9791.874328,,Chave (2005),,,,,adopsipohonriau/83
84,SI0075RL,Kelat,Eugenia spp,Pohon Tua,icon/mature_tree.svg,Least Concern,41,50,Hutan Lindung Sentajo,mineral,-,-0.4586589,101.5727848,89.88117864,0.002,,,,Padin,2021-10-19T13:38:00.000+07:00," Rp200,000 ",17050.37402,,Chave (2005),media/SI0075RL.jpg,,,,adopsipohonriau/84
85,SI0077RL,Keranji,Dialium kunstleri,Pohon Tua,icon/mature_tree.svg,Near Threatened,57,53,Hutan Lindung Sentajo,mineral,-,-0.4744738,101.5718395,119.1902129,0.002,,,,Padin,2021-10-19T13:48:00.000+07:00," Rp200,000 ",7356.836985,,Chave (2005),,,,,adopsipohonriau/85
86,SI0079RL,Meranti,Shorea sp.,Pohon Tua,icon/mature_tree.svg,-,68,58,Hutan Lindung Sentajo,mineral,-,-0.4742106,101.5717047,64.27666372,0.002,,,,Padin,2021-10-19T14:06:00.000+07:00," Rp200,000 ",16185.26826,,Chave (2005),,,,,adopsipohonriau/86
87,SI0081RL,Pisang pisang,Alphonsea spp,Pohon Tua,icon/mature_tree.svg,Least Concern,72,65,Hutan Lindung Sentajo,mineral,-,-0.4742304,101.5716865,103.5353776,0.002,,,,Padin,2021-10-19T14:08:00.000+07:00," Rp200,000 ",18830.61215,,Chave (2005),,,,,adopsipohonriau/87
88,SI0083RL,Keranji,Dialium kunstleri,Pohon Tua,icon/mature_tree.svg,Near Threatened,53,38,Hutan Lindung Sentajo,mineral,-,-0.4743288,101.57202,103.4327818,0.002,,,,Padin,2021-10-19T14:11:00.000+07:00," Rp200,000 ",28585.06727,,Chave (2005),,,,,adopsipohonriau/88
89,SI0085RL,Keranji,Dialium kunstleri,Pohon Muda,icon/young_tree.svg,Near Threatened,35,38,Hutan Lindung Sentajo,mineral,-,-0.4741958,101.5719241,141.9583963,0.002,,,,Padin,2021-10-19T14:14:00.000+07:00," Rp200,000 ",10148.78898,,Chave (2005),,,,,adopsipohonriau/89
90,SI0087RL,Kelat,Eugenia spp,Pohon Tua,icon/mature_tree.svg,Least Concern,42,56,Hutan Lindung Sentajo,mineral,-,-0.4745523,101.5719023,74.65277223,0.002,,,,Padin,2021-10-19T14:20:00.000+07:00," Rp50,000 ",4514.904285,,Chave (2005),,,,,adopsipohonriau/90
91,SI0089RL,Kedondong,Spondias dulcis,Pohon Tua,icon/mature_tree.svg,-,41,53,Hutan Lindung Sentajo,mineral,-,-0.4740807,101.571766,93.71997792,0.002,,,,Padin,2021-10-19T14:28:00.000+07:00," Rp200,000 ",8613.039712,,Chave (2005),,,,,adopsipohonriau/91
92,SI0088RL,Kedondong,Spondias dulcis,Pohon Muda,icon/young_tree.svg,-,40,37,Hutan Lindung Sentajo,mineral,-,-0.4741131,101.5717577,86.51452962,0.002,,,,Padin,2021-10-19T14:31:00.000+07:00," Rp200,000 ",3381.947232,,Chave (2005),,,,,adopsipohonriau/92
93,SI0090RL,Mendarahan,Myristica iners,Pohon Tua,icon/mature_tree.svg,Least Concern,42,49,Hutan Lindung Sentajo,mineral,-,-0.4742573,101.5719191,152.5201597,0.002,,,,Yus,2021-10-19T14:38:00.000+07:00," Rp200,000 ",2269.37087,,Chave (2005),,,,,adopsipohonriau/93
94,SI0092RL,Mendarahan,Myristica iners,Pohon Muda,icon/young_tree.svg,Least Concern,32,39,Hutan Lindung Sentajo,mineral,-,-0.4741939,101.5718005,69.5507589,0.002,,,,Yus,2021-10-19T14:40:00.000+07:00," Rp200,000 ",5080.005402,,Chave (2005),,,,,adopsipohonriau/94
95,SI0091RL,Kedondong,Spondias dulcis,Pohon Tua,icon/mature_tree.svg,-,97,56,Hutan Lindung Sentajo,mineral,-,-0.4742427,101.5719831,141.320503,0.002,,,,Yus,2021-10-19T14:44:00.000+07:00," Rp50,000 ",2391.013341,,Chave (2005),,,,,adopsipohonriau/95
96,SI0093RL,Kelat,Eugenia spp,Pohon Tua,icon/mature_tree.svg,Least Concern,60,39,Hutan Lindung Sentajo,mineral,-,-0.4742785,101.571789,146.4300132,0.002,,,,Padin,2021-10-19T14:51:00.000+07:00," Rp200,000 ",19165.90935,,Chave (2005),,,,,adopsipohonriau/96
97,SI0094RL,Kedondong,Spondias dulcis,Pohon Tua,icon/mature_tree.svg,-,43,35,Hutan Lindung Sentajo,mineral,-,-0.474108,101.5720397,128.6268578,0.002,,,,Padin,2021-10-19T14:54:00.000+07:00," Rp200,000 ",12138.71228,,Chave (2005),,,,,adopsipohonriau/97
98,SI0095RL,Pening pening,-,Pohon Tua,icon/mature_tree.svg,-,41,38,Hutan Lindung Sentajo,mineral,-,-0.4740408,101.5718421,43.102465,0.002,,,,Padin,2021-10-19T14:56:00.000+07:00," Rp200,000 ",2475.485157,,"Brown, (1997)",,,,,adopsipohonriau/98
99,SI0097RL,Kedondong,Spondias dulcis,Pohon Tua,icon/mature_tree.svg,-,58,67,Hutan Lindung Sentajo,mineral,-,-0.4740704,101.5722108,139.1494063,0.002,,,,Padin,2021-10-19T15:00:00.000+07:00," Rp200,000 ",3107.407246,,Chave (2005),,,,,adopsipohonriau/99
100,SI0098RL,Keranji,Dialium kunstleri,Pohon Tua,icon/mature_tree.svg,Near Threatened,98,102,Hutan Lindung Sentajo,mineral,-,-0.4586589,101.5727848,130.4815361,0.002,,,,Padin,2021-10-19T15:03:00.000+07:00," Rp200,000 ",8367.195972,,Chave (2005),media/SI0098RL.jpg,,,,adopsipohonriau/100
101,SI0101RL,Keranji,Dialium kunstleri,Pohon Tua,icon/mature_tree.svg,Near Threatened,97,92,Hutan Lindung Sentajo,mineral,-,-0.4738502,101.5728303,78.63102828,0.002,,,,Padin,2021-10-19T15:07:00.000+07:00," Rp200,000 ",88313.27742,,Chave (2005),,,,,adopsipohonriau/101
102,SI0103RL,Medang,Litsea sp.,Pohon Tua,icon/mature_tree.svg,-,45,78,Hutan Lindung Sentajo,mineral,-,-0.4740936,101.57263,84.29359678,0.002,,,,Padin,2021-10-19T15:42:00.000+07:00," Rp200,000 ",78269.81002,,Chave (2005),,,,,adopsipohonriau/102
104,SI0206RL,Keranji,Dialium kunstleri,Pohon Tua,icon/mature_tree.svg,Near Threatened,60,52,Hutan Lindung Sentajo,mineral,-,-0.4259922,101.5223966,129.6436219,0.003,,,,Yus,2021-10-19T15:54:00.000+07:00," Rp200,000 ",43619.2193,,Chave (2005),media/SI0206RL.jpg,,,,adopsipohonriau/104
105,SI0107RL,Meranti merah,Shorea scaberrima,Pohon Tua,icon/mature_tree.svg,Near Threatened,42,26,Hutan Lindung Sentajo,mineral,-,-0.4770251,101.5363036,129.6436219,0.003,,,,Arab,2021-10-28T09:10:00.000+07:00," Rp200,000 ",17560.19924,,Chave (2005),media/SI0107RL.jpg,,,,adopsipohonriau/105
106,SI0108RL,Kempas,Koompassia malaccensis,Pohon Tua,icon/mature_tree.svg,Conservation dependent,55,45,Hutan Lindung Sentajo,mineral,-,-0.4384212,101.521076,129.6436219,0.003,,,,Arab,2021-10-28T09:17:00.000+07:00," Rp200,000 ",2890.622665,,Chave (2005),media/SI0108RL.jpg,,,,adopsipohonriau/106
107,SI0109RL,Meranti bunga,-,Pohon Tua,icon/mature_tree.svg,-,56,33,Hutan Lindung Sentajo,mineral,-,-0.4384212,101.521076,129.6436219,0.003,,,,Arab,2021-10-28T09:27:00.000+07:00," Rp200,000 ",13760.76455,,"Brown, (1997)",media/SI0109RL.jpg,,,,adopsipohonriau/107
108,SI0110RL,Lalan,Santiria laevigata,Pohon Tua,icon/mature_tree.svg,-,53,40,Hutan Lindung Sentajo,mineral,-,-0.4384212,101.521076,129.6436219,0.003,,,,Arab,2021-10-28T09:36:00.000+07:00," Rp200,000 ",6838.655475,,Chave (2005),media/SI0110RL.jpg,,,,adopsipohonriau/108
110,SI0112RL,Keranji,Dialium kunstleri,Pohon Tua,icon/mature_tree.svg,Near Threatened,42,66,Hutan Lindung Sentajo,mineral,-,-0.4384212,101.521076,129.6436219,0.003,,,,Arab,2021-10-28T09:51:00.000+07:00," Rp200,000 ",8295.042886,,Chave (2005),media/SI0112RL.jpg,,,,adopsipohonriau/110
111,SI0113RL,Keranji,Dialium kunstleri,Pohon Tua,icon/mature_tree.svg,Near Threatened,50,40,Hutan Lindung Sentajo,mineral,-,-0.4384212,101.521076,129.6436219,0.003,,,,Arab,2021-10-28T09:59:00.000+07:00," Rp200,000 ",11046.28975,,Chave (2005),media/SI0113RL.jpg,,,,adopsipohonriau/111
112,SI0114RL,Kempas,Koompassia malaccensis,Pohon Tua,icon/mature_tree.svg,Conservation dependent,118,45,Hutan Lindung Sentajo,mineral,-,-0.4384212,101.521076,129.6436219,0.003,,,,Arab,2021-10-28T10:05:00.000+07:00," Rp200,000 ",9522.674395,,Chave (2005),media/SI0114RL.jpg,,,,adopsipohonriau/112
113,SI0115RL,Meranti bunga,-,Pohon Tua,icon/mature_tree.svg,-,42,40,Hutan Lindung Sentajo,mineral,-,-0.4384212,101.521076,129.6436219,0.003,,,,Arab,2021-10-28T10:15:00.000+07:00," Rp200,000 ",61061.613,,"Brown, (1997)",media/SI0115RL.jpg,,,,adopsipohonriau/113
114,SI0116RL,Samak,Glochidion superbum,Pohon Tua,icon/mature_tree.svg,-,48,40,Hutan Lindung Sentajo,mineral,-,-0.4384212,101.521076,129.6436219,0.003,,,,Arab,2021-10-28T10:22:00.000+07:00," Rp200,000 ",3302.750153,,Chave (2005),media/SI0116RL.jpg,,,,adopsipohonriau/114
115,SI0117RL,Cempedak air,-,Pohon Tua,icon/mature_tree.svg,-,41,28,Hutan Lindung Sentajo,mineral,-,-0.4384212,101.521076,129.6436219,0.003,,,,Arab,2021-10-28T10:28:00.000+07:00," Rp200,000 ",6552.703933,,"Brown, (1997)",media/SI0117RL.jpg,,,,adopsipohonriau/115
116,SI0118RL,Lalan,Santiria laevigata,Pohon Tua,icon/mature_tree.svg,-,50,45,Hutan Lindung Sentajo,mineral,-,-0.4384212,101.521076,129.6436219,0.000,,,,Arab,2021-10-28T10:36:00.000+07:00," Rp200,000 ",3107.407246,,Chave (2005),media/SI0118RL.jpg,,,,adopsipohonriau/116
117,SI0119RL,Meranti putih,Shorea javanica,Pohon Muda,icon/young_tree.svg,Endangered,40,28,Hutan Lindung Sentajo,mineral,-,-0.4770181,101.5632113,131.8728776,0.003,,,,Arab,2021-10-28T10:42:00.000+07:00," Rp200,000 ",7336.828041,,Chave (2005),,,,,adopsipohonriau/117
118,SI0120RL,Kolek,Syzygium sp.,Pohon Tua,icon/mature_tree.svg,-,53,29,Hutan Lindung Sentajo,mineral,-,-0.4768888,101.5632025,113.2626955,0.003,,,,Arab,2021-10-28T10:49:00.000+07:00," Rp200,000 ",3097.266701,,Chave (2005),,,,,adopsipohonriau/118
119,SI0121RL,Jelutung,Dyera spp.,Pohon Tua,icon/mature_tree.svg,Least Concern,45,25,Hutan Lindung Sentajo,mineral,-,-0.4769458,101.5627088,111.5285158,0.003,,,,Arab,2021-10-28T10:56:00.000+07:00," Rp200,000 ",6868.466827,,Chave (2005),,,,,adopsipohonriau/119
120,SI0122RL,Meranti merah,Shorea scaberrima,Pohon Tua,icon/mature_tree.svg,Near Threatened,42,30,Hutan Lindung Sentajo,mineral,-,-0.4769458,101.5627088,111.5285158,0.003,,,,Arab,2021-10-28T11:28:00.000+07:00," Rp200,000 ",2541.722838,,Chave (2005),,,,,adopsipohonriau/120
121,SI0123RL,Meranti merah,Shorea scaberrima,Pohon Tua,icon/mature_tree.svg,Near Threatened,60,50,Hutan Lindung Sentajo,mineral,-,-0.4769458,101.5627088,111.5285158,0.003,,,,Arab,2021-10-28T11:33:00.000+07:00," Rp200,000 ",3323.898554,,Chave (2005),,,,,adopsipohonriau/121
122,SI0124RL,Meranti merah ambai,-,Pohon Muda,icon/young_tree.svg,-,37,25,Hutan Lindung Sentajo,mineral,-,-0.4769458,101.5627088,111.5285158,0.003,,,,Arab,2021-10-30T11:41:00.000+07:00," Rp200,000 ",10978.44337,,"Brown, (1997)",,,,,adopsipohonriau/122
123,SI0125RL,Cempedak air,-,Pohon Tua,icon/mature_tree.svg,-,48,46,Hutan Lindung Sentajo,mineral,-,-0.4772501,101.5629838,130.8952668,0.003,,,,Arab,2021-10-28T11:46:00.000+07:00," Rp50,000 ",2396.654211,,"Brown, (1997)",,,,,adopsipohonriau/123
127,SI0129RL,Lalan,Santiria laevigata,Pohon Tua,icon/mature_tree.svg,-,82,42,Hutan Lindung Sentajo,mineral,-,-0.5184664,101.5487844,92.21922801,0.003,,,,Arab,2021-10-28T13:59:00.000+07:00," Rp50,000 ",788.0542021,,Chave (2005),media/SI0129RL.jpg,,,,adopsipohonriau/127
128,SI0130RL,Balam,Palaquium hexandrum,Pohon Tua,icon/mature_tree.svg,-,42,25,Hutan Lindung Sentajo,mineral,-,-0.5184664,101.5487844,92.21922801,0.003,,,,Arab,2021-10-28T14:05:00.000+07:00," Rp200,000 ",18015.21401,,Chave (2005),media/SI0130RL.jpg,,,,adopsipohonriau/128
129,SI0131RL,Kolek,Syzygium sp.,Pohon Tua,icon/mature_tree.svg,-,42,40,Hutan Lindung Sentajo,mineral,-,-0.4384212,101.521076,92.21922801,0.003,,,,Arab,2021-10-28T14:10:00.000+07:00," Rp200,000 ",2824.676725,,Chave (2005),media/SI0131RL.jpg,,,,adopsipohonriau/129
130,SI0132RL,Meranti putih,Shorea javanica,Pohon Tua,icon/mature_tree.svg,Endangered,72,53,Hutan Lindung Sentajo,mineral,-,-0.4384212,101.521076,92.21922801,0.003,,,,Arab,2021-10-28T14:15:00.000+07:00," Rp200,000 ",5969.885863,,Chave (2005),media/SI0132RL.jpg,,,,adopsipohonriau/130
131,SI0133RL,Meranti putih,Shorea javanica,Pohon Muda,icon/young_tree.svg,Endangered,31,43,Hutan Lindung Sentajo,mineral,-,-0.4770137,101.5627506,125.693368,0.003,,,,Arab,2021-10-28T14:20:00.000+07:00," Rp200,000 ",18186.01494,,Chave (2005),,,,,adopsipohonriau/131
132,SI0134RL,Buah buah,-,Pohon Muda,icon/young_tree.svg,-,23,43,Hutan Lindung Sentajo,mineral,-,-0.4770137,101.5627506,125.693368,0.003,,,,Arab,2021-10-28T14:26:00.000+07:00," Rp50,000 ",2862.427534,,"Brown, (1997)",,,,,adopsipohonriau/132
133,SI0135RL,Meranti sabut,Shorea ovalis,Pohon Muda,icon/young_tree.svg,-,30,40,Hutan Lindung Sentajo,mineral,-,-0.4770137,101.5627506,125.693368,0.003,,,,Arab,2021-10-28T14:33:00.000+07:00," Rp50,000 ",719.8241975,,Chave (2005),,,,,adopsipohonriau/133
134,SI0136RL,Balam,Palaquium hexandrum,Pohon Tua,icon/mature_tree.svg,-,42,35,Hutan Lindung Sentajo,mineral,-,-0.4384212,101.521076,125.693368,0.003,,,,Arab,2021-10-28T14:38:00.000+07:00," Rp50,000 ",2183.38564,,Chave (2005),media/SI0136RL.jpg,,,,adopsipohonriau/134
135,SI0137RL,Lalan,Santiria laevigata,Pohon Muda,icon/young_tree.svg,-,32,25,Hutan Lindung Sentajo,mineral,-,-0.4384212,101.521076,125.693368,0.003,,,,Arab,2021-10-28T14:44:00.000+07:00," Rp200,000 ",3922.741719,,Chave (2005),media/SI0137RL.jpg,,,,adopsipohonriau/135
136,SI0138RL,Lalan,Santiria laevigata,Pohon Tua,icon/mature_tree.svg,-,55,50,Hutan Lindung Sentajo,mineral,-,-0.4384212,101.521076,125.693368,0.003,,,,Arab,2021-10-28T14:52:00.000+07:00," Rp50,000 ",1729.918665,,Chave (2005),media/SI0138RL.jpg,,,,adopsipohonriau/136
137,SI0139RL,Petai petai,-,Pohon Tua,icon/mature_tree.svg,-,41,35,Hutan Lindung Sentajo,mineral,-,-0.4384212,101.521076,125.693368,0.003,,,,Arab,2021-10-28T14:57:00.000+07:00," Rp200,000 ",9794.136952,,"Brown, (1997)",media/SI0139RL.jpg,,,,adopsipohonriau/137
138,SI0140RL,Meranti putih,Shorea javanica,Pohon Tua,icon/mature_tree.svg,Endangered,83,45,Hutan Lindung Sentajo,mineral,-,,,127.8980194,0.000,,,,Arab,2021-10-28T15:03:00.000+07:00," Rp200,000 ",3107.407246,,Chave (2005),,,,,adopsipohonriau/138
139,SI0141RL,Meranti putih,Shorea javanica,Pohon Tua,icon/mature_tree.svg,Endangered,52,50,Hutan Lindung Sentajo,mineral,-,-0.4773361,101.5629096,127.8980194,0.003,,,,Arab,2021-10-28T15:33:00.000+07:00," Rp200,000 ",20460.06982,,Chave (2005),,,,,adopsipohonriau/139
140,SI0096RL,Pisang pisang,Alphonsea spp,Pohon Tua,icon/mature_tree.svg,Least Concern,105,91,Hutan Lindung Sentajo,mineral,-,-0.4740012,101.5723457,122.1957079,0.002,,,,Arab,2021-10-28T15:40:00.000+07:00," Rp200,000 ",9102.580173,,Chave (2005),,,,,adopsipohonriau/140
141,SI0100RL,Medang,Litsea sp.,Pohon Tua,icon/mature_tree.svg,-,51,68,Hutan Lindung Sentajo,mineral,-,-0.4738327,101.572713,64.28253269,0.002,,,,Padin,2021-10-19T15:12:00.000+07:00," Rp200,000 ",82910.33313,,Chave (2005),,,,,adopsipohonriau/141
146,SI0195STJ,Meranti batu,Shorea sp.,Pohon Tua,icon/mature_tree.svg,-,82,50,Hutan Lindung Sentajo,mineral,-,-0.4268659,101.5228519,159.9132364,0.002,,,,Arab,2021-11-13T10:37:00.000+07:00," Rp50,000 ",3937.460339,,Chave (2005),media/146.jpg,,,,adopsipohonriau/146
147,SI0196STJ,Rambai,-,Pohon Muda,icon/young_tree.svg,-,40,40,Hutan Lindung Sentajo,mineral,-,-0.3515318,101.555879,159.9132364,0.000,,,,Arab,2021-11-14T11:07:00.000+07:00," Rp200,000 ",23477.97756,,"Brown, (1997)",media/147.jpg,,,,adopsipohonriau/147
148,SI0197STJ,Meranti merah,Shorea scaberrima,Pohon Tua,icon/mature_tree.svg,Near Threatened,62,55,Hutan Lindung Sentajo,mineral,-,-0.4268659,101.5228519,159.9132364,0.000,,,,Arab,2021-11-14T11:10:00.000+07:00," Rp200,000 ",2919.219791,,Chave (2005),media/148.jpg,,,,adopsipohonriau/148
149,SI0198STJ,Balam,Palaquium hexandrum,Pohon Tua,icon/mature_tree.svg,-,53,40,Hutan Lindung Sentajo,mineral,-,-0.3515318,101.555879,159.9132364,0.002,,,,Arab,2021-11-14T11:14:00.000+07:00," Rp200,000 ",12845.09628,,Chave (2005),media/149.jpg,,,,adopsipohonriau/149
152,SI0201STJ,Meranti merah,Shorea scaberrima,Pohon Muda,icon/young_tree.svg,Near Threatened,32,40,Hutan Lindung Sentajo,mineral,-,-0.4130841,101.666095,159.9132364,0.002,,,,Arab,2021-11-14T11:28:00.000+07:00," Rp200,000 ",8747.04249,,Chave (2005),media/152.jpg,,,,adopsipohonriau/152
155,SI0206STJ,Meranti batu,Shorea sp.,Pohon Tua,icon/mature_tree.svg,-,54,40,Hutan Lindung Sentajo,mineral,-,-0.4130841,101.666095,159.9132364,0.002,,,,Arab,2021-11-14T13:47:00.000+07:00," Rp200,000 ",3107.407246,,Chave (2005),media/155.jpg,,,,adopsipohonriau/155
156,SI0207STJ,Meranti batu,Shorea sp.,Pohon Tua,icon/mature_tree.svg,-,59,45,Hutan Lindung Sentajo,mineral,-,-0.4130841,101.666095,159.9132364,0.000,,,,Arab,2021-11-14T14:15:00.000+07:00," Rp200,000 ",8354.962207,,Chave (2005),media/156.jpg,,,,adopsipohonriau/156
158,SI0210STJ,Meranti batu,Shorea sp.,Pohon Tua,icon/mature_tree.svg,-,47,45,Hutan Lindung Sentajo,mineral,-,-0.4130841,101.666095,159.9132364,0.002,,,,Arab,2021-11-14T14:36:00.000+07:00," Rp200,000 ",4893.581934,,Chave (2005),media/158.jpg,,,,adopsipohonriau/158
159,SI0211STJ,Keranji,Dialium kunstleri,Pohon Tua,icon/mature_tree.svg,Near Threatened,43,34,Hutan Lindung Sentajo,mineral,-,-0.4387084,101.5221415,159.9132364,0.000,,,,Arab,2021-11-14T14:40:00.000+07:00," Rp200,000 ",7147.78945,,Chave (2005),media/159.jpg,,,,adopsipohonriau/159
161,SI0215STJ,Meranti batu,Shorea sp.,Pohon Tua,icon/mature_tree.svg,-,42,20,Hutan Lindung Sentajo,mineral,-,-0.4129455,101.6662652,0,0.000,,,,Arab,2021-11-14T14:59:00.000+07:00," Rp200,000 ",5951.762959,,Chave (2005),media/161.jpg,,,,adopsipohonriau/161
162,SI0216STJ,Meranti bunga,-,Pohon Tua,icon/mature_tree.svg,-,42,34,Hutan Lindung Sentajo,mineral,-,-0.3515318,101.555879,0,0.000,,,,Arab,2021-11-14T15:07:00.000+07:00," Rp200,000 ",2600.693724,,"Brown, (1997)",media/162.jpg,,,,adopsipohonriau/162
163,SI0227STJ,Pitatal,Ochanostachys amentacea,Pohon Tua,icon/mature_tree.svg,Data deficent,47,42,Hutan Lindung Sentajo,mineral,-,-0.4129455,101.6662652,0,0.000,,,,Arab,2021-11-14T15:10:00.000+07:00," Rp200,000 ",3302.750153,,Chave (2005),media/163.jpg,,,,adopsipohonriau/163
165,SI0222STJ,Kulim,Scorodocarpus borneensis,Pohon Muda,icon/young_tree.svg,-,31,28,Hutan Lindung Sentajo,mineral,-,-0.4388337,101.522049,0,0.000,,,,Arab,2021-11-14T15:36:00.000+07:00," Rp200,000 ",5484.317912,,Chave (2005),media/165.jpg,,,,adopsipohonriau/165
166,SI0223STJ,Rambai,-,Pohon Tua,icon/mature_tree.svg,-,45,40,Hutan Lindung Sentajo,mineral,-,-0.4740667,101.5738067,65.22643765,0.002,,,,Arab,2021-11-14T15:39:00.000+07:00," Rp50,000 ",2571.748731,,"Brown, (1997)",,,,,adopsipohonriau/166
167,SI0224STJ,Meranti batu,Shorea sp.,Pohon Tua,icon/mature_tree.svg,-,91,45,Hutan Lindung Sentajo,mineral,-,-0.4740667,101.5738067,65.22643765,0.002,,,,Arab,2021-11-14T15:42:00.000+07:00," Rp200,000 ",3932.626275,,Chave (2005),,,,,adopsipohonriau/167
168,SI0225STJ,Kulim,Scorodocarpus borneensis,Pohon Tua,icon/mature_tree.svg,-,53,35,Hutan Lindung Sentajo,mineral,-,-0.4129455,101.6662652,65.22643765,0.000,,,,Arab,2021-11-14T15:47:00.000+07:00," Rp200,000 ",25958.85486,,Chave (2005),media/168.jpg,,,,adopsipohonriau/168
169,SI0226STJ,Pitatal,Ochanostachys amentacea,Pohon Muda,icon/young_tree.svg,Data deficent,33,20,Hutan Lindung Sentajo,mineral,-,-0.4740667,101.5738067,65.22643765,0.002,,,,Arab,2021-11-14T15:51:00.000+07:00," Rp200,000 ",9108.80024,,Chave (2005),,,,,adopsipohonriau/169
171,SI0147STJ,Lalan,Santiria laevigata,Pohon Tua,icon/mature_tree.svg,-,72,40,Hutan Lindung Sentajo,mineral,-,-0.3462377,101.556976,48.68025463,0.002,,,,Arab,2021-11-13T09:42:00.000+07:00," Rp200,000 ",1573.455453,,Chave (2005),media/171.jpg,,,,adopsipohonriau/171
173,SI0149STJ,Keranji,Dialium kunstleri,Pohon Tua,icon/mature_tree.svg,Near Threatened,52,46,Hutan Lindung Sentajo,mineral,-,-0.4387084,101.5221415,48.68025463,0.002,,,,Arab,2021-11-13T10:45:00.000+07:00," Rp200,000 ",11655.58006,,Chave (2005),media/173.jpg,,,,adopsipohonriau/173
175,SI0151STJ,Rengas manuk,-,Pohon Tua,icon/mature_tree.svg,-,58,53,Hutan Lindung Sentajo,mineral,-,-0.4387084,101.5221415,48.68025463,0.002,,,,Arab,2021-11-13T10:58:00.000+07:00," Rp200,000 ",12863.67056,,"Brown, (1997)",media/175.jpg,,,,adopsipohonriau/175
177,SI0153STJ,Keranji,Dialium kunstleri,Pohon Tua,icon/mature_tree.svg,Near Threatened,70,45,Hutan Lindung Sentajo,mineral,-,-0.4387084,101.5221415,0,0.002,,,,Arab,2021-11-13T11:19:00.000+07:00," Rp200,000 ",4389.980561,,Chave (2005),media/177.jpg,,,,adopsipohonriau/177
184,SI0160STJ,Lalan,Santiria laevigata,Pohon Tua,icon/mature_tree.svg,-,57,45,Hutan Lindung Sentajo,mineral,-,-0.4130841,101.666095,0,0.000,,,,Arab,2021-11-13T13:58:00.000+07:00," Rp200,000 ",6555.735784,,Chave (2005),media/184.jpg,,,,adopsipohonriau/184
185,SI0161STJ,Meranti putih,Shorea javanica,Pohon Tua,icon/mature_tree.svg,Endangered,42,45,Hutan Lindung Sentajo,mineral,-,-0.4387084,101.5221415,0,0.002,,,,Arab,2021-11-13T14:06:00.000+07:00," Rp200,000 ",9475.161261,,Chave (2005),media/185.jpg,,,,adopsipohonriau/185
187,SI0263STJ,Meranti putih,Shorea javanica,Pohon Muda,icon/young_tree.svg,Endangered,36,25,Hutan Lindung Sentajo,mineral,-,-0.4387084,101.5221415,0,0.002,,,,Arab,2021-11-13T14:15:00.000+07:00," Rp50,000 ",4412.962196,,Chave (2005),media/187.jpg,,,,adopsipohonriau/187
188,SI0164STJ,Meranti merah,Shorea scaberrima,Pohon Tua,icon/mature_tree.svg,Near Threatened,60,50,Hutan Lindung Sentajo,mineral,-,-0.4130841,101.666095,0,0.002,,,,Arab,2021-11-13T14:19:00.000+07:00," Rp50,000 ",2257.476259,,Chave (2005),media/188.jpg,,,,adopsipohonriau/188
190,SI0166STJ,Meranti sabut,Shorea ovalis,Pohon Tua,icon/mature_tree.svg,-,82,55,Hutan Lindung Sentajo,mineral,-,-0.3462377,101.556976,0,0.000,,,,Arab,2021-11-13T14:36:00.000+07:00," Rp200,000 ",5014.043619,,Chave (2005),media/190.jpg,,,,adopsipohonriau/190
191,SI0167.STJ,Balam,Palaquium hexandrum,Pohon Muda,icon/young_tree.svg,-,32,40,Hutan Lindung Sentajo,mineral,-,-0.4130841,101.666095,0,0.000,,,,Arab,2021-11-13T14:42:00.000+07:00," Rp200,000 ",21209.86155,,Chave (2005),media/191.jpg,,,,adopsipohonriau/191
192,SI0168STJ,Meranti batu,Shorea sp.,Pohon Tua,icon/mature_tree.svg,-,43,46,Hutan Lindung Sentajo,mineral,-,-0.4387084,101.5221415,0,0.002,,,,Arab,2021-11-13T14:49:00.000+07:00," Rp50,000 ",2628.2096,,Chave (2005),media/192.jpg,,,,adopsipohonriau/192
193,SI0169STJ,Kulim,Scorodocarpus borneensis,Pohon Muda,icon/young_tree.svg,-,31,40,Hutan Lindung Sentajo,mineral,-,-0.3462377,101.556976,0,0.000,,,,Arab,2021-11-13T14:53:00.000+07:00," Rp200,000 ",6138.798638,,Chave (2005),media/193.jpg,,,,adopsipohonriau/193
195,SI0171STJ,Meranti batu,Shorea sp.,Pohon Tua,icon/mature_tree.svg,-,92,51,Hutan Lindung Sentajo,mineral,-,-0.4130841,101.666095,0,0.002,,,,Arab,2021-11-13T15:01:00.000+07:00," Rp200,000 ",30143.96657,,Chave (2005),media/195.jpg,,,,adopsipohonriau/195
199,SI0175STJ,Meranti sabut,Shorea ovalis,Pohon Muda,icon/young_tree.svg,-,33,28,Hutan Lindung Sentajo,mineral,-,-0.4577462,101.5719871,108.695556,0.004,,,,Arab,2021-11-14T08:22:00.000+07:00," Rp200,000 ",4228.55125,,Chave (2005),,,,,adopsipohonriau/199
200,SI0176STJ,Kedondong hutan,-,Pohon Tua,icon/mature_tree.svg,-,69,55,Hutan Lindung Sentajo,mineral,-,-0.4130841,101.666095,108.695556,0.002,,,,Arab,2021-11-14T08:33:00.000+07:00," Rp50,000 ",1856.712486,,"Brown, (1997)",media/200.jpg,,,,adopsipohonriau/200
201,SI0177STJ,Kedondong hutan,-,Pohon Tua,icon/mature_tree.svg,-,57,35,Hutan Lindung Sentajo,mineral,-,-0.4747841,101.571359,193.9111412,0.002,,,,Arab,2021-11-14T08:44:00.000+07:00," Rp200,000 ",11596.93482,,"Brown, (1997)",,,,,adopsipohonriau/201
203,SI0179STJ,Meranti batu,Shorea sp.,Pohon Tua,icon/mature_tree.svg,-,54,40,Hutan Lindung Sentajo,mineral,-,-0.47477,101.5714333,193.9111412,0.002,,,,Arab,2021-11-14T09:05:00.000+07:00," Rp200,000 ",19640.88742,,Chave (2005),,,,,adopsipohonriau/203
205,SI0181STJ,Kedondong hutan,-,Pohon Tua,icon/mature_tree.svg,-,43,45,Hutan Lindung Sentajo,mineral,-,-0.3515318,101.555879,159.9132364,0.002,,,,Arab,2021-11-14T09:22:00.000+07:00," Rp200,000 ",2919.219791,,"Brown, (1997)",media/205.jpg,,,,adopsipohonriau/205
206,SI0182STJ,Lalan,Santiria laevigata,Pohon Tua,icon/mature_tree.svg,-,58,60,Hutan Lindung Sentajo,mineral,-,-0.475235,101.5710567,159.9132364,0.002,,,,Arab,2021-11-14T09:35:00.000+07:00," Rp200,000 ",3505.340489,,Chave (2005),,,,,adopsipohonriau/206
213,SI0189STJ,Meranti merah,Shorea scaberrima,Pohon Tua,icon/mature_tree.svg,Near Threatened,42,45,Hutan Lindung Sentajo,mineral,-,-0.4130841,101.666095,159.9132364,0.002,,,,Arab,2021-11-14T10:08:00.000+07:00," Rp200,000 ",7951.04384,,Chave (2005),media/213.jpg,,,,adopsipohonriau/213
214,SI0180STJ,Lintangur,-,Pohon Tua,icon/mature_tree.svg,-,50,62,Hutan Lindung Sentajo,mineral,-,-0.4336273,101.5252999,159.9132364,0.002,,,,Arab,2021-11-14T10:13:00.000+07:00," Rp200,000 ",4937.56504,,"Brown, (1997)",media/214.jpg,,,,adopsipohonriau/214
215,SI0191STJ,Keranji,Dialium kunstleri,Pohon Tua,icon/mature_tree.svg,Near Threatened,120,35,Hutan Lindung Sentajo,mineral,-,-0.4268659,101.5228519,159.9132364,0.002,,,,Arab,2021-11-14T10:41:00.000+07:00," Rp200,000 ",5133.920363,,Chave (2005),media/215.jpg,,,,adopsipohonriau/215
216,SI0192STJ,Meranti batu,Shorea sp.,Pohon Tua,icon/mature_tree.svg,-,73,45,Hutan Lindung Sentajo,mineral,-,-0.4268659,101.5228519,159.9132364,0.002,,,,Arab,2021-11-14T10:48:00.000+07:00," Rp200,000 ",46166.94516,,Chave (2005),media/216.jpg,,,,adopsipohonriau/216
217,SI0193STJ,Meranti sabut,Shorea ovalis,Pohon Tua,icon/mature_tree.svg,-,94,60,Hutan Lindung Sentajo,mineral,-,-0.3515318,101.555879,159.9132364,0.002,,,,Arab,2021-11-14T10:52:00.000+07:00," Rp200,000 ",16882.7409,,Chave (2005),media/217.jpg,,,,adopsipohonriau/217
218,SI0194STJ,Keranji,Dialium kunstleri,Pohon Tua,icon/mature_tree.svg,Near Threatened,41,40,Hutan Lindung Sentajo,mineral,-,-0.3515318,101.555879,159.9132364,0.002,,,,Arab,2021-11-14T10:59:00.000+07:00," Rp200,000 ",30143.96657,,Chave (2005),media/218.jpg,,,,adopsipohonriau/218
220,SI0205STJ,Meranti sabut,Shorea ovalis,Pohon Tua,icon/mature_tree.svg,-,64,35,Hutan Lindung Sentajo,mineral,-,-0.4130841,101.666095,159.9132364,0.000,,,,Arab,2021-11-14T13:50:00.000+07:00," Rp200,000 ",7951.04384,,Chave (2005),media/220.jpg,,,,adopsipohonriau/220
221,SI0208STJ,Pitatal,Ochanostachys amentacea,Pohon Tua,icon/mature_tree.svg,Data deficent,56,40,Hutan Lindung Sentajo,mineral,-,-0.4268659,101.5228519,159.9132364,0.002,,,,Arab,2021-11-14T14:02:00.000+07:00," Rp200,000 ",8411.102575,,Chave (2005),media/221.jpg,,,,adopsipohonriau/221
222,SI0212STJ,Keranji,Dialium kunstleri,Pohon Tua,icon/mature_tree.svg,Near Threatened,43,34,Hutan Lindung Sentajo,mineral,-,-0.4130841,101.666095,159.9132364,0.000,,,,Arab,2021-11-14T14:25:00.000+07:00," Rp200,000 ",12327.53213,,Chave (2005),media/222.jpg,,,,adopsipohonriau/222
223,SI0214STJ,Meranti batu,Shorea sp.,Pohon Tua,icon/mature_tree.svg,-,52,35,Hutan Lindung Sentajo,mineral,-,-0.4129455,101.6662652,0,0.000,,,,Arab,2021-11-14T14:50:00.000+07:00," Rp200,000 ",6053.586929,,Chave (2005),media/223.jpg,,,,adopsipohonriau/223
225,SI0219STJ,Kempas,Koompassia malaccensis,Pohon Tua,icon/mature_tree.svg,Conservation dependent,73,52,Hutan Lindung Sentajo,mineral,-,-0.3515318,101.555879,0,0.000,,,,Arab,2021-11-14T15:22:00.000+07:00," Rp200,000 ",17032.65615,,Chave (2005),media/225.jpg,,,,adopsipohonriau/225
,,,,,,,,,,,,,,,,,,,Arab,2021-11-14T15:32:00.000+07:00," Rp200,000 ",46828.78143,,Chave (2005),,,,,adopsipohonriau/227
170,SI0146STJ,Kedondong,Spondias dulcis,Pohon Tua,icon/mature_tree.svg,-,43,22,Hutan Lindung Sentajo,mineral,-,-0.4455303,101.5921382,48.68025463,0,,,,Arab,2021-11-14T15:56:00.000+07:00," Rp50,000 ",2232.271679,,Chave (2005),,,,,adopsipohonriau/170
171,SI0147STJ,Lalan,Santiria laevigata,Pohon Tua,icon/mature_tree.svg,-,72,40,Hutan Lindung Sentajo,mineral,-,-0.3462377,101.556976,48.68025463,0.002426438,,,,Arab,2021-11-13T09:42:00.000+07:00," Rp200,000 ",1573.455453,,Chave (2005),media/171.jpg,,,,adopsipohonriau/171
172,SI0148STJ,Keranji,Dialium kunstleri,Pohon Tua,icon/mature_tree.svg,Near Threatened,62,32,Hutan Lindung Sentajo,mineral,-,-0.4455303,101.5921382,48.68025463,0,,,,Arab,2021-11-13T10:09:00.000+07:00," Rp200,000 ",13326.22259,,Chave (2005),,,,,adopsipohonriau/172
173,SI0149STJ,Keranji,Dialium kunstleri,Pohon Tua,icon/mature_tree.svg,Near Threatened,52,46,Hutan Lindung Sentajo,mineral,-,-0.4387084,101.5221415,48.68025463,0.002431118,,,,Arab,2021-11-13T10:45:00.000+07:00," Rp200,000 ",11655.58006,,Chave (2005),media/173.jpg,,,,adopsipohonriau/173
174,SI0150STJ,Meranti batu,Shorea sp.,Pohon Tua,icon/mature_tree.svg,-,55,60,Hutan Lindung Sentajo,mineral,-,-0.4592434,101.5722992,48.68025463,0.003903422,,,,Arab,2021-11-13T10:58:00.000+07:00," Rp200,000 ",11782.81626,,Chave (2005),,,,,adopsipohonriau/174
175,SI0151STJ,Rengas manuk,-,Pohon Tua,icon/mature_tree.svg,-,58,53,Hutan Lindung Sentajo,mineral,-,-0.4387084,101.5221415,48.68025463,0.002406719,,,,Arab,2021-11-13T10:58:00.000+07:00," Rp200,000 ",12863.67056,,"Brown, (1997)",media/175.jpg,,,,adopsipohonriau/175
176,SI0152STJ,Kebo jalang,-,Pohon Tua,icon/mature_tree.svg,-,47,45,Hutan Lindung Sentajo,mineral,-,-0.4455303,101.5921382,48.68025463,0,,,,Arab,2021-11-13T11:06:00.000+07:00," Rp200,000 ",7473.565418,,"Brown, (1997)",,,,,adopsipohonriau/176
177,SI0153STJ,Keranji,Dialium kunstleri,Pohon Tua,icon/mature_tree.svg,Near Threatened,70,45,Hutan Lindung Sentajo,mineral,-,-0.4387084,101.5221415,0,0.00244922,,,,Arab,2021-11-13T11:19:00.000+07:00," Rp200,000 ",4389.980561,,Chave (2005),media/177.jpg,,,,adopsipohonriau/177
178,SI0154STJ,Cempedak air,-,Pohon Tua,icon/mature_tree.svg,-,62,55,Hutan Lindung Sentajo,mineral,-,-0.4454553,101.5920699,0,0,,,,Arab,2021-11-13T13:10:00.000+07:00," Rp200,000 ",20602.77513,,"Brown, (1997)",,,,,adopsipohonriau/178
179,SI0155STJ,Meranti sabut,Shorea ovalis,Pohon Tua,icon/mature_tree.svg,-,52,61,Hutan Lindung Sentajo,mineral,-,-0.4454553,101.5920699,0,0,,,,Arab,2021-11-13T13:25:00.000+07:00," Rp200,000 ",8847.202975,,Chave (2005),,,,,adopsipohonriau/179
180,SI0156STJ,Meranti batu,Shorea sp.,Pohon Tua,icon/mature_tree.svg,-,67,55,Hutan Lindung Sentajo,mineral,-,-0.4454553,101.5920699,0,0,,,,Arab,2021-11-13T13:35:00.000+07:00," Rp200,000 ",9644.94276,,Chave (2005),,,,,adopsipohonriau/180
181,SI0157STJ,Balam,Palaquium hexandrum,Pohon Tua,icon/mature_tree.svg,-,49,60,Hutan Lindung Sentajo,mineral,-,-0.4454553,101.5920699,0,0,,,,Arab,2021-11-13T13:33:00.000+07:00," Rp200,000 ",17369.74005,,Chave (2005),,,,,adopsipohonriau/181
182,SI0158STJ,Keranji,Dialium kunstleri,Pohon Tua,icon/mature_tree.svg,Near Threatened,63,35,Hutan Lindung Sentajo,mineral,-,-0.4454553,101.5920699,0,0,,,,Arab,2021-11-13T13:45:00.000+07:00," Rp200,000 ",8968.814811,,Chave (2005),,,,,adopsipohonriau/182
183,SI0159STJ,Rengas,Gluta aptera,Pohon Tua,icon/mature_tree.svg,-,46,40,Hutan Lindung Sentajo,mineral,-,-0.4454553,101.5920699,0,0,,,,Arab,2021-11-13T13:52:00.000+07:00," Rp200,000 ",13124.4798,,Chave (2005),,,,,adopsipohonriau/183
184,SI0160STJ,Lalan,Santiria laevigata,Pohon Tua,icon/mature_tree.svg,-,57,45,Hutan Lindung Sentajo,mineral,-,-0.4130841,101.666095,0,0,,,,Arab,2021-11-13T13:58:00.000+07:00," Rp200,000 ",6555.735784,,Chave (2005),media/184.jpg,,,,adopsipohonriau/184
185,SI0161STJ,Meranti putih,Shorea javanica,Pohon Tua,icon/mature_tree.svg,Endangered,42,45,Hutan Lindung Sentajo,mineral,-,-0.4387084,101.5221415,0,0.002400767,,,,Arab,2021-11-13T14:06:00.000+07:00," Rp200,000 ",9475.161261,,Chave (2005),media/185.jpg,,,,adopsipohonriau/185
186,SI0162STJ,Meranti batu,Shorea sp.,Pohon Muda,icon/young_tree.svg,-,38,42,Hutan Lindung Sentajo,mineral,-,-0.4454553,101.5920699,0,0,,,,Arab,2021-11-13T14:11:00.000+07:00," Rp200,000 ",5413.140382,,Chave (2005),,,,,adopsipohonriau/186
187,SI0263STJ,Meranti putih,Shorea javanica,Pohon Muda,icon/young_tree.svg,Endangered,36,25,Hutan Lindung Sentajo,mineral,-,-0.4387084,101.5221415,0,0.002395445,,,,Arab,2021-11-13T14:15:00.000+07:00," Rp50,000 ",4412.962196,,Chave (2005),media/187.jpg,,,,adopsipohonriau/187
188,SI0164STJ,Meranti merah,Shorea scaberrima,Pohon Tua,icon/mature_tree.svg,Near Threatened,60,50,Hutan Lindung Sentajo,mineral,-,-0.4130841,101.666095,0,0.002389183,,,,Arab,2021-11-13T14:19:00.000+07:00," Rp50,000 ",2257.476259,,Chave (2005),media/188.jpg,,,,adopsipohonriau/188
189,SI0165STJ,Meranti merah,Shorea scaberrima,Pohon Tua,icon/mature_tree.svg,Near Threatened,48,35,Hutan Lindung Sentajo,mineral,-,-0.4454553,101.5920699,0,0,,,,Arab,2021-11-13T14:25:00.000+07:00," Rp200,000 ",10978.44337,,Chave (2005),,,,,adopsipohonriau/189
190,SI0166STJ,Meranti sabut,Shorea ovalis,Pohon Tua,icon/mature_tree.svg,-,82,55,Hutan Lindung Sentajo,mineral,-,-0.3462377,101.556976,0,0,,,,Arab,2021-11-13T14:36:00.000+07:00," Rp200,000 ",5014.043619,,Chave (2005),media/190.jpg,,,,adopsipohonriau/190
191,SI0167.STJ,Balam,Palaquium hexandrum,Pohon Muda,icon/young_tree.svg,-,32,40,Hutan Lindung Sentajo,mineral,-,-0.4130841,101.666095,0,0,,,,Arab,2021-11-13T14:42:00.000+07:00," Rp200,000 ",21209.86155,,Chave (2005),media/191.jpg,,,,adopsipohonriau/191
192,SI0168STJ,Meranti batu,Shorea sp.,Pohon Tua,icon/mature_tree.svg,-,43,46,Hutan Lindung Sentajo,mineral,-,-0.4387084,101.5221415,0,0.002431739,,,,Arab,2021-11-13T14:49:00.000+07:00," Rp50,000 ",2628.2096,,Chave (2005),media/192.jpg,,,,adopsipohonriau/192
193,SI0169STJ,Kulim,Scorodocarpus borneensis,Pohon Muda,icon/young_tree.svg,-,31,40,Hutan Lindung Sentajo,mineral,-,-0.3462377,101.556976,0,0,,,,Arab,2021-11-13T14:53:00.000+07:00," Rp200,000 ",6138.798638,,Chave (2005),media/193.jpg,,,,adopsipohonriau/193
194,SI0270STJ,Meranti sabut,Shorea ovalis,Pohon Tua,icon/mature_tree.svg,-,94,60,Hutan Lindung Sentajo,mineral,-,-0.3795916,101.6116206,0,0.001412973,,,,Arab,2021-11-13T14:57:00.000+07:00," Rp50,000 ",3642.611439,,Chave (2005),,,,,adopsipohonriau/194
195,SI0171STJ,Meranti batu,Shorea sp.,Pohon Tua,icon/mature_tree.svg,-,92,51,Hutan Lindung Sentajo,mineral,-,-0.4130841,101.666095,0,0.002414421,,,,Arab,2021-11-13T15:01:00.000+07:00," Rp200,000 ",30143.96657,,Chave (2005),media/195.jpg,,,,adopsipohonriau/195
196,SI0172STJ,Kulim,Scorodocarpus borneensis,Pohon Tua,icon/mature_tree.svg,-,47,20,Hutan Lindung Sentajo,mineral,-,-0.4454553,101.5920699,0,0,,,,Arab,2021-11-13T15:08:00.000+07:00," Rp200,000 ",29964.26642,,Chave (2005),,,,,adopsipohonriau/196
197,SI0173STJ,Samak,Glochidion superbum,Pohon Muda,icon/young_tree.svg,-,35,40,Hutan Lindung Sentajo,mineral,-,-0.4454585,101.5920632,108.695556,0,,,,Arab,2021-11-13T15:14:00.000+07:00," Rp200,000 ",4172.578958,,Chave (2005),,,,,adopsipohonriau/197
198,SI0174STJ,Samak,Glochidion superbum,Pohon Tua,icon/mature_tree.svg,-,41,35,Hutan Lindung Sentajo,mineral,-,-0.4454585,101.5920632,108.695556,0,,,,Arab,2021-11-14T08:10:00.000+07:00," Rp50,000 ",3537.190689,,Chave (2005),,,,,adopsipohonriau/198
199,SI0175STJ,Meranti sabut,Shorea ovalis,Pohon Muda,icon/young_tree.svg,-,33,28,Hutan Lindung Sentajo,mineral,-,-0.4577462,101.5719871,108.695556,0.004070206,,,,Arab,2021-11-14T08:22:00.000+07:00," Rp200,000 ",4228.55125,,Chave (2005),,,,,adopsipohonriau/199
200,SI0176STJ,Kedondong hutan,-,Pohon Tua,icon/mature_tree.svg,-,69,55,Hutan Lindung Sentajo,mineral,-,-0.4130841,101.666095,108.695556,0.002433413,,,,Arab,2021-11-14T08:33:00.000+07:00," Rp50,000 ",1856.712486,,"Brown, (1997)",media/200.jpg,,,,adopsipohonriau/200
201,SI0177STJ,Kedondong hutan,-,Pohon Tua,icon/mature_tree.svg,-,57,35,Hutan Lindung Sentajo,mineral,-,-0.4747841,101.571359,193.9111412,0.002419821,,,,Arab,2021-11-14T08:44:00.000+07:00," Rp200,000 ",11596.93482,,"Brown, (1997)",,,,,adopsipohonriau/201
202,SI0178STJ,Kempas,Koompassia malaccensis,Pohon Tua,icon/mature_tree.svg,Conservation dependent,70,40,Hutan Lindung Sentajo,mineral,-,-0.4454585,101.5920632,193.9111412,0,,,,Arab,2021-11-14T08:49:00.000+07:00," Rp200,000 ",7151.850071,,Chave (2005),,,,,adopsipohonriau/202
203,SI0179STJ,Meranti batu,Shorea sp.,Pohon Tua,icon/mature_tree.svg,-,54,40,Hutan Lindung Sentajo,mineral,-,-0.47477,101.5714333,193.9111412,0.002416354,,,,Arab,2021-11-14T09:05:00.000+07:00," Rp200,000 ",19640.88742,,Chave (2005),,,,,adopsipohonriau/203
204,SI0180Sti,Meranti bunga,-,Pohon Muda,icon/young_tree.svg,-,40,28,Hutan Lindung Sentajo,mineral,-,-0.4454585,101.5920632,159.9132364,0,,,,Arab,2021-11-14T09:13:00.000+07:00," Rp200,000 ",8354.962207,,"Brown, (1997)",,,,,adopsipohonriau/204
205,SI0181STJ,Kedondong hutan,-,Pohon Tua,icon/mature_tree.svg,-,43,45,Hutan Lindung Sentajo,mineral,-,-0.3515318,101.555879,159.9132364,0.002381539,,,,Arab,2021-11-14T09:22:00.000+07:00," Rp200,000 ",2919.219791,,"Brown, (1997)",media/205.jpg,,,,adopsipohonriau/205
206,SI0182STJ,Lalan,Santiria laevigata,Pohon Tua,icon/mature_tree.svg,-,58,60,Hutan Lindung Sentajo,mineral,-,-0.475235,101.5710567,159.9132364,0.002399365,,,,Arab,2021-11-14T09:35:00.000+07:00," Rp200,000 ",3505.340489,,Chave (2005),,,,,adopsipohonriau/206
207,SI0183STJ,Meranti putih,Shorea javanica,Pohon Muda,icon/young_tree.svg,Endangered,40,40,Hutan Lindung Sentajo,mineral,-,-0.4577462,101.5719871,159.9132364,0.004070206,,,,Arab,2021-11-14T09:40:00.000+07:00," Rp200,000 ",12979.87596,,Chave (2005),,,,,adopsipohonriau/207
208,SI0184STJ,Meranti putih,Shorea javanica,Pohon Muda,icon/young_tree.svg,Endangered,40,20,Hutan Lindung Sentajo,mineral,-,-0.4577462,101.5719871,159.9132364,0.004070206,,,,Arab,2021-11-14T09:44:00.000+07:00," Rp200,000 ",4386.952341,,Chave (2005),,,,,adopsipohonriau/208
209,SI0185STJ,Seponing,-,Pohon Tua,icon/mature_tree.svg,-,46,35,Hutan Lindung Sentajo,mineral,-,-0.4577462,101.5719871,159.9132364,0.004070206,,,,Arab,2021-11-14T09:48:00.000+07:00," Rp200,000 ",2230.271017,,"Brown, (1997)",,,,,adopsipohonriau/209
210,SI0186STJ,Meranti rambai,Shorea acuminata,Pohon Tua,icon/mature_tree.svg,-,41,35,Hutan Lindung Sentajo,mineral,-,-0.4516023,101.5820251,159.9132364,0,,,,Arab,2021-11-14T09:54:00.000+07:00," Rp200,000 ",4157.500698,,"Brown, (1997)",,,,,adopsipohonriau/210
211,SI0187STJ,Meranti sabut,Shorea ovalis,Pohon Tua,icon/mature_tree.svg,-,53,55,Hutan Lindung Sentajo,mineral,-,-0.4577462,101.5719871,159.9132364,0.004070206,,,,Arab,2021-11-14T09:58:00.000+07:00," Rp200,000 ",3107.407246,,Chave (2005),,,,,adopsipohonriau/211
212,SI0188STJ,Samak,Glochidion superbum,Pohon Tua,icon/mature_tree.svg,-,53,40,Hutan Lindung Sentajo,mineral,-,-0.404639,101.5639331,159.9132364,0.003939808,,,,Arab,2021-11-14T10:03:00.000+07:00," Rp200,000 ",9048.147907,,Chave (2005),,,,,adopsipohonriau/212
213,SI0189STJ,Meranti merah,Shorea scaberrima,Pohon Tua,icon/mature_tree.svg,Near Threatened,42,45,Hutan Lindung Sentajo,mineral,-,-0.4130841,101.666095,159.9132364,0.002359368,,,,Arab,2021-11-14T10:08:00.000+07:00," Rp200,000 ",7951.04384,,Chave (2005),media/213.jpg,,,,adopsipohonriau/213
214,SI0180STJ,Lintangur,-,Pohon Tua,icon/mature_tree.svg,-,50,62,Hutan Lindung Sentajo,mineral,-,-0.4336273,101.5252999,159.9132364,0.002343914,,,,Arab,2021-11-14T10:13:00.000+07:00," Rp200,000 ",4937.56504,,"Brown, (1997)",media/214.jpg,,,,adopsipohonriau/214
215,SI0191STJ,Keranji,Dialium kunstleri,Pohon Tua,icon/mature_tree.svg,Near Threatened,120,35,Hutan Lindung Sentajo,mineral,-,-0.4268659,101.5228519,159.9132364,0.002337335,,,,Arab,2021-11-14T10:41:00.000+07:00," Rp200,000 ",5133.920363,,Chave (2005),media/215.jpg,,,,adopsipohonriau/215
216,SI0192STJ,Meranti batu,Shorea sp.,Pohon Tua,icon/mature_tree.svg,-,73,45,Hutan Lindung Sentajo,mineral,-,-0.4268659,101.5228519,159.9132364,0.002337335,,,,Arab,2021-11-14T10:48:00.000+07:00," Rp200,000 ",46166.94516,,Chave (2005),media/216.jpg,,,,adopsipohonriau/216
217,SI0193STJ,Meranti sabut,Shorea ovalis,Pohon Tua,icon/mature_tree.svg,-,94,60,Hutan Lindung Sentajo,mineral,-,-0.3515318,101.555879,159.9132364,0.002339626,,,,Arab,2021-11-14T10:52:00.000+07:00," Rp200,000 ",16882.7409,,Chave (2005),media/217.jpg,,,,adopsipohonriau/217
218,SI0194STJ,Keranji,Dialium kunstleri,Pohon Tua,icon/mature_tree.svg,Near Threatened,41,40,Hutan Lindung Sentajo,mineral,-,-0.3515318,101.555879,159.9132364,0.002364487,,,,Arab,2021-11-14T10:59:00.000+07:00," Rp200,000 ",30143.96657,,Chave (2005),media/218.jpg,,,,adopsipohonriau/218
219,SI0204STJ,Samak,Glochidion superbum,Pohon Tua,icon/mature_tree.svg,-,53,40,Hutan Lindung Sentajo,mineral,-,-0.4454585,101.5920632,159.9132364,0,,,,Arab,2021-11-14T11:02:00.000+07:00," Rp200,000 ",6464.330833,,Chave (2005),,,,,adopsipohonriau/219
220,SI0205STJ,Meranti sabut,Shorea ovalis,Pohon Tua,icon/mature_tree.svg,-,64,35,Hutan Lindung Sentajo,mineral,-,-0.4130841,101.666095,159.9132364,0,,,,Arab,2021-11-14T13:50:00.000+07:00," Rp200,000 ",7951.04384,,Chave (2005),media/220.jpg,,,,adopsipohonriau/220
221,SI0208STJ,Pitatal,Ochanostachys amentacea,Pohon Tua,icon/mature_tree.svg,Data deficent,56,40,Hutan Lindung Sentajo,mineral,-,-0.4268659,101.5228519,159.9132364,0.002480503,,,,Arab,2021-11-14T14:02:00.000+07:00," Rp200,000 ",8411.102575,,Chave (2005),media/221.jpg,,,,adopsipohonriau/221
222,SI0212STJ,Keranji,Dialium kunstleri,Pohon Tua,icon/mature_tree.svg,Near Threatened,43,34,Hutan Lindung Sentajo,mineral,-,-0.4130841,101.666095,159.9132364,0,,,,Arab,2021-11-14T14:25:00.000+07:00," Rp200,000 ",12327.53213,,Chave (2005),media/222.jpg,,,,adopsipohonriau/222
223,SI0214STJ,Meranti batu,Shorea sp.,Pohon Tua,icon/mature_tree.svg,-,52,35,Hutan Lindung Sentajo,mineral,-,-0.4129455,101.6662652,0,0,,,,Arab,2021-11-14T14:50:00.000+07:00," Rp200,000 ",6053.586929,,Chave (2005),media/223.jpg,,,,adopsipohonriau/223
224,SI0218STJ,Keranji,Dialium kunstleri,Pohon Tua,icon/mature_tree.svg,Near Threatened,72,35,Hutan Lindung Sentajo,mineral,-,-0.3822386,101.6110721,0,0.001677302,,,,Arab,2021-11-14T15:03:00.000+07:00," Rp200,000 ",6813.186185,,Chave (2005),,,,,adopsipohonriau/224
225,SI0219STJ,Kempas,Koompassia malaccensis,Pohon Tua,icon/mature_tree.svg,Conservation dependent,73,52,Hutan Lindung Sentajo,mineral,-,-0.3515318,101.555879,0,0,,,,Arab,2021-11-14T15:22:00.000+07:00," Rp200,000 ",17032.65615,,Chave (2005),media/225.jpg,,,,adopsipohonriau/225
226,SI0220STJ,Kempas,Koompassia malaccensis,Pohon Tua,icon/mature_tree.svg,Conservation dependent,103,45,Hutan Lindung Sentajo,mineral,-,-0.3914226,101.5751383,0,0.003079764,,,,Arab,2021-11-14T15:28:00.000+07:00," Rp200,000 ",27538.77813,,Chave (2005),,,,,adopsipohonriau/226
,,,,,,,,,,,,,,,,,,,Arab,2021-11-14T15:32:00.000+07:00," Rp200,000 ",46828.78143,,Chave (2005),,,,,adopsipohonriau/227
